drug_name,condition,severity,rationale,clinical_consequence,source
metformin,Chronic Kidney Disease,absolute,Reduced renal excretion leads to systemic drug accumulation and impaired lactate clearance,Substantially increased risk of fatal lactic acidosis,FDA Boxed Warning / Curated
propranolol,Asthma,absolute,Non-selective beta-2 receptor blockade in bronchial smooth muscle,"Triggers acute severe bronchospasm, refractory wheezing, and respiratory arrest",Curated clinical pharmacology
metoprolol,Asthma,relative,Beta-1 selectivity is dose-dependent and lost at higher doses causing partial beta-2 blockade,Can precipitate bronchoconstriction in hyperreactive airways,Curated clinical pharmacology
ibuprofen,Peptic Ulcer Disease,absolute,Systemic inhibition of gastric COX-1 impairs cytoprotective mucosal prostaglandin synthesis,Exacerbates active ulceration and precipitates acute gastrointestinal perforation and hemorrhage,Curated clinical pharmacology
aspirin,Peptic Ulcer Disease,absolute,Direct gastric mucosal topical irritation plus irreversible platelet COX-1 inhibition,High risk of massive upper gastrointestinal bleeding,Curated clinical pharmacology
ibuprofen,Heart Failure,relative,Inhibition of renal prostaglandins causes sodium and water retention and blunts diuretic response,"Precipitates acute heart failure exacerbation, peripheral edema, and hospitalization",AHA/ACC Heart Failure Guideline / Curated
sildenafil,Severe Cardiovascular Disease,absolute,Potent vasodilatory hypotension can induce severe myocardial hypoperfusion,High risk of fatal ventricular arrhythmia or acute coronary occlusion,FDA Advisory / Curated
atorvastatin,Active Liver Disease,absolute,Impaired hepatic metabolism may lead to progressive statin accumulation,"Risk of severe transaminitis, hepatomegaly, and liver injury",Curated clinical pharmacology
ciprofloxacin,Myasthenia Gravis,absolute,Fluoroquinolones possess neuromuscular blocking activity that aggravates muscle weakness,Precipitates myasthenic crisis with respiratory muscle paralysis requiring mechanical ventilation,FDA Boxed Warning / Curated
tramadol,Epilepsy,absolute,Tramadol and its active metabolite inhibit GABA receptors and lower seizure threshold,Significantly increased frequency and severity of generalized tonic-clonic convulsions,Curated clinical pharmacology
pseudoephedrine,Severe Hypertension,absolute,Systemic alpha-1 adrenergic stimulation induces profound peripheral vasoconstriction,"Hypertensive crisis, intracranial hemorrhage, or acute myocardial infarction",Curated clinical pharmacology
methotrexate,Pregnancy,absolute,Potent dihydrofolate reductase inhibition terminates rapidly dividing fetal cells,"Severe teratogenicity, congenital malformations, or spontaneous fetal demise",FDA Category X / Curated
warfarin,Pregnancy,absolute,Inhibition of vitamin K epoxidation crosses placental barrier causing fetal hemorrhage and chondrodysplasia punctata,"Warfarin embryopathy, severe skeletal deformities, and central nervous system defects",FDA Category X / Curated
spironolactone,Hyperkalemia,absolute,Aldosterone antagonism in distal nephron prevents potassium secretion,Lethal hyperkalemia (>6.5 mEq/L) causing sine wave ECG and cardiac arrest,Curated clinical pharmacology
ramipril,Bilateral Renal Artery Stenosis,absolute,Inhibition of angiotensin II dilates efferent arteriole abolishing glomerular filtration pressure,Precipitous drop in GFR leading to acute anuric renal failure,Curated clinical nephrology
furosemide,Severe Hypokalemia,absolute,Loop of Henle Na-K-2Cl symport inhibition accelerates urinary potassium wasting,"Dangerous arrhythmias, Torsades de Pointes, and paralytic ileus",Curated clinical pharmacology
