drug_a,drug_b,severity,mechanism,clinical_risk,recommended_action,source
warfarin,aspirin,major,Additive antiplatelet and anticoagulant inhibition of clotting factors,Significantly heightened risk of severe gastrointestinal hemorrhage and intracranial bleeding,Avoid combination unless specifically indicated for mechanical heart valves. Monitor INR closely and assess for signs of bleeding.,Curated clinical pharmacology guideline
sildenafil,nitroglycerin,major,Synergistic potentiation of the nitric oxide-cGMP vasodilatory pathway,"Severe precipitous systemic hypotension leading to syncope, myocardial infarction, or fatal cardiovascular collapse",Absolute contraindication. Withhold sildenafil for at least 24 hours (48 hours for tadalafil) before nitrate administration.,FDA Drug Safety Alert / Curated
tramadol,sertraline,major,Additive serotonergic activity combined with CYP2D6 pathway inhibition,"High risk of Serotonin Syndrome (hyperthermia, neuromuscular rigidity, agitation) and lowered seizure threshold","Avoid concomitant use. Select a non-serotonergic analgesic such as paracetamol, or substitute antidepressant under psychiatric supervision.",Curated clinical pharmacology guideline
atorvastatin,clarithromycin,major,Potent CYP3A4 inhibition by clarithromycin prevents hepatic clearance of atorvastatin,"Marked accumulation of statin causing toxic rhabdomyolysis, myoglobinuria, and acute renal failure",Temporarily suspend atorvastatin during macrolide therapy or substitute with azithromycin.,FDA Safety Communication / Curated
metoprolol,amiodarone,major,Additive negative chronotropic and dromotropic electrophysiological effects on SA/AV nodes,"Profound sinus bradycardia, severe sinoatrial block, and cardiac arrest","Avoid concurrent therapy. If mandatory, monitor continuous ECG and consider dose reduction of beta-blocker.",Curated clinical cardiology guideline
spironolactone,telmisartan,major,Dual inhibition of renin-angiotensin-aldosterone axis causing severe potassium retention,"Life-threatening hyperkalemia, cardiac arrhythmias, and sudden cardiac arrest","Avoid routine dual blockade. If prescribed, monitor serum potassium and creatinine within 1 week and periodically thereafter.",AHA/ACC Heart Failure Guideline / Curated
ciprofloxacin,theophylline,major,Competitive inhibition of hepatic CYP1A2 metabolism by ciprofloxacin,"Accumulation of theophylline causing life-threatening neurotoxicity, cardiac arrhythmias, and refractory seizures","Avoid co-administration. If unavoidable, reduce theophylline dosage by 30-50% and monitor plasma levels closely.",Curated clinical pharmacology
methotrexate,ibuprofen,major,Inhibition of renal prostaglandin synthesis and organic anion transporters reduces methotrexate clearance,"Severe bone marrow suppression, leukopenia, fatal pancytopenia, and gastrointestinal ulceration","Absolute contraindication with high-dose methotrexate. For low-dose, substitute with paracetamol and monitor CBC/renal function.",FDA Boxed Warning / Curated
clopidogrel,omeprazole,major,Competitive inhibition of bioactivating enzyme CYP2C19 by omeprazole,Reduced formation of active clopidogrel metabolite leading to antiplatelet failure and stent thrombosis,"Switch omeprazole to pantoprazole or famotidine, which exhibit significantly less CYP2C19 inhibition.",FDA Drug Safety Communication / Curated
lithium,ibuprofen,major,Prostaglandin-mediated reduction in renal glomerular filtration of lithium,"Lithium toxicity manifesting as ataxia, coarse tremors, confusion, renal impairment, and coma","Avoid NSAID co-prescription. Use paracetamol or tramadol for analgesia, and monitor serum lithium concentrations.",Curated clinical pharmacology
digoxin,amiodarone,major,Inhibition of P-glycoprotein efflux transporter and renal clearance by amiodarone,"Digoxin toxicity manifesting as visual disturbances (haloes), nausea, complete heart block, and ventricular tachycardia",Reduce baseline digoxin dosage by 50% upon initiating amiodarone and monitor serum levels.,Curated clinical cardiology guideline
fluconazole,warfarin,major,Potent inhibition of CYP2C9 (major S-warfarin clearance pathway) by fluconazole,Supratherapeutic anticoagulation and catastrophic spontaneous bleeding episodes,"Reduce warfarin dose by 25-50%, monitor INR within 48-72 hours, and watch for bleeding signs.",Curated clinical pharmacology guideline
furosemide,gentamicin,major,Additive cochlear and nephrotoxic synergy,"Irreversible sensorineural hearing loss, vestibular damage, and acute tubular necrosis","Avoid concurrent administration. Monitor trough aminoglycoside levels, audiometry, and renal parameters.",Curated clinical pharmacology guideline
paracetamol,alcohol,major,Induction of CYP2E1 by chronic alcohol depletes hepatic glutathione stores,Accelerated formation of toxic NAPQI intermediate causing fulminant hepatic necrosis,Advise patient to abstain from alcohol; limit total paracetamol dose to <2000 mg/24h in alcohol consumers.,FDA Alert / Curated
enalapril,spironolactone,major,Additive potassium-sparing mechanisms in the distal renal tubule,"Severe hyperkalemia, cardiac conduction abnormalities, and ventricular fibrillation","Avoid without intense electrolyte surveillance; monitor serum potassium at baseline, 3 days, 1 week, and monthly.",Curated clinical pharmacology guideline
amoxicillin,methotrexate,moderate,Inhibition of renal tubular secretion of methotrexate by penicillin competition,Elevated systemic methotrexate levels with heightened bone marrow and GI toxicity,Monitor complete blood counts and renal profile. Consider alternative antibiotic class if on high methotrexate doses.,Curated clinical pharmacology
aspirin,ibuprofen,moderate,Competitive steric hindrance of platelet COX-1 binding site by ibuprofen before aspirin irreversibly acetylates,Blunted cardioprotective antiplatelet effect of low-dose aspirin and additive gastrointestinal mucosal ulceration,"Take immediate-release low-dose aspirin at least 30 minutes before ibuprofen, or take ibuprofen at least 8 hours after aspirin.",FDA Advisory / Curated
metoprolol,paroxetine,moderate,Potent CYP2D6 inhibition by paroxetine doubles metoprolol systemic exposure,"Excessive bradycardia, orthostatic hypotension, fatigue, and lethargy",Monitor heart rate and blood pressure; consider reducing metoprolol dosage or choosing an antidepressant with low CYP2D6 affinity.,Curated clinical pharmacology guideline
ciprofloxacin,calcium,moderate,Polyvalent cation chelation in the gastrointestinal tract,"Precipitates insoluble chelate complexes reducing ciprofloxacin bioavailability by >50%, resulting in antimicrobial failure",Administer ciprofloxacin at least 2 hours before or 6 hours after calcium or dairy products.,FDA Drug Label / Curated
levothyroxine,iron,moderate,Intraluminal adsorption and insoluble complex formation in gut,Significantly blunted levothyroxine absorption leading to persistent hypothyroidism and elevated TSH,Separate administration by at least 4 hours.,Curated clinical pharmacology guideline
atorvastatin,amlodipine,minor,Minor CYP3A4 substrate competition and shared hepatic uptake pathways,Mild increase in statin exposure with potential for muscle aches (myalgia),Monitor patient for unexplained muscle pain or tenderness; dose adjustment rarely required unless symptomatic.,Curated clinical pharmacology guideline
metformin,pantoprazole,minor,Inhibition of OCT2 renal transporters by proton pump inhibitors,Mild increase in metformin blood concentrations with potential for mild gastrointestinal upset,Clinical significance is generally low; reassure patient and monitor for gastrointestinal tolerance.,Curated clinical pharmacology guideline
